,file,line,model,res
0,1,00,gpt-4o,"N° d'ordre
DATE DU DÉPÔT des DÉCLARATIONS.
DÉSIGNATION DES PERSONNES DÉCÉDÉES, OU ABSENTES. NOMS. PRÉNOMS DOMICILES
DATE DU DÉCÈS ou du JUGEMENT D'ENVOI en possession, en cas d'absence.
NOMS, PRÉNOMS ET DEMEURES DES PARTIES DÉCLARANTES.
DROITS DE SUCCESSION EN LIGNE COLLATERALE et de MUTATION EN LIGNE DIRECTE. ACTIF. PASSIF. RESTANT NET.
DROIT DE MUTATION par décès.
VALEUR des IMMEUBLES.
NUMÉROS des DÉCLARATIONS primitires supplémentaires.
DATE de l'exigibilité des droits.
NUMÉROS de la consignation des droits au somnier n° 25.
RECETTE des DROITS ET AMENDES. DATE N°
CAUTIONNEMENTS. NUMÉROS de la consignation au somnier n° 30.
OBSERVATIONS. (Les déclarations qui figurent à l'état n° 11) doivent être émarées en exécu- tion, dans la présente colonne.)"
1,1,00,claude-3-5-sonnet-20240620,"N°, DATE DU DÉPÔT des DÉCLARATIONS, DÉSIGNATION DES PERSONNES DÉCÉDÉES OU ABSENTES: NOMS, PRÉNOMS, DOMICILES, DATE DU DÉCÈS ou de l'absence, en cas d'absence, NOMS, PRÉNOMS ET DEMEURES DES PARTIES DÉCLARANTES, DROITS DE SUCCESSION EN LIGNE COLLATÉRALE ET DE MUTATION PAR DÉCÈS: ACTIF, PASSIF, RESTANT NET, DROIT DE MUTATION par décès, NUMÉROS des DÉCLARATIONS, RECETTE des DROITS ET AMENDES: DATE, NUMÉROS du sommier et de la quittance, OBSERVATIONS."
2,1,00,EasyOCR,"DÉSIGNATION DES PERSONNES DÉCÉDÉES OU AlSENTES IVTc DU DicFs DROIS DE SUCCESSION DROIT INUJEROS xEÉROS RECETTE Cautios D.MIE DU DÉFËT ilu NOJS, PRÉNOMS Uonr Colluiirl; 205 DA TE dcs Yrail1q 9E '(uTatio; OBSERVA TIONS de DÉCLAFAT1o85 D40IT5 4 AmEXDEs JtCTX[NT Doytoi F deccs {ca18""] DxÉROS dcs MUTatioy LX LIGXE DÏRECTI dc la VALIUR de drs eroits (Lrs d{claralions 95/ Gcarent 1t1( qu: rosenlou, convce 4u3 dcncn( àèC Qnancer (1 diCLAR GTCY; XOJS. PDÉNOJIS DOJIICILES DEVFUWIS DES Partiis DÉCLARANTES 421 Fepitalon acibil;e Ilo: ueue Mns / A(senle rolonne on cf jabwnce. AGIIF. FASSIF IESTAXT du d6l 4wief DATE N"" Sorlai XFT , [jufualis de: drolu 38 dc rrclgcatlon Jo tca unay"
3,1,00,Pytesseract,"|

= | DATE DU DEPOT

des

DECLARATIONS.

DESIGNATION DES PERSONNES DECEDEES, OU ABSENTES.

SS —— eee
| |

NOMS.

PRENOMS

DOMICILES

DATE DU BECES
co da
JUCEMENT D'ENVOI
el
postession,

on cas d'absence,

NOMS, PRENOMS
eT

DEMEURES DES PARTIES DECCARANTES,

MUTATION EN LIGN

le

ACTIF.

72)

DROITS DE SUCC

EN LIGNR COLLATERALR

et de

PASSIF

oy)

2 DIRECTE

RESTANT
NET.

72\

DROIT
DE MUTATION
par décés

VALEUR
dea
IMMEUDLES,

wh

Vexpiration
da délas
de rectification

Vexigibilitd

des droits

NomEnos
dela
consigna-
tion
des droits
au
sammler
ne 28

RECETTE CAUTH
des NEMENTS, ;
J\RORRVAT aed
DROITS ET AMENDES. a OBSERVATIONS.
nUMtROS
[gAaence aes dela

(Les déctarations qui Ggurent Al'état

conslgna: | y+ 413 doivent dtre ¢margées en conte
she von | tozan | quence, dans la présente ealonne }
DATE (| No] Coo,

nt jo.
"
4,1,00,KerasOCR,d d d s n r d u r d d d a d p o j d d p f d s d l c d a a o d d a u d c n m e l d t d d l a a t g v n r a c 1 d c p d l b p d c n p d d t d j t c o r d j d d g a p s m d m t
